num_workers,prefetch_factor,persistent_workers,batch_size,num_samples,num_batches,fps_including_metrics,total_ms_per_sample,data_wait_ms_per_sample,transfer_forward_ms_per_sample,data_wait_seconds,transfer_forward_seconds,total_seconds,acc,ap,fpr,fnr
4,2,True,16,48,3,7.756580314727996,128.92279321871078,96.88380314037204,26.41694579506293,4.650422550737858,1.2680133981630206,6.188294074498117,0.8958333333333334,-0.0,0.10416666666666667,0.0
8,2,True,16,48,3,6.090347875516931,164.19423330808058,150.5581591045484,6.936401458612333,7.226791637018323,0.33294727001339197,7.881323198787868,0.8958333333333334,-0.0,0.10416666666666667,0.0
