{
  "ckpt": "./lightweight/results/checkpoints/region_resnet18_clip_b32_ra0p01/best.pth",
  "clip": "ViT-B/32",
  "backbone": "resnet18",
  "threshold": 0.5,
  "batch_size": 16,
  "preprocess_device": "gpu",
  "video_root": "./AVLips",
  "audio_root": "./AVLips/wav",
  "video_path": "./web/backend/runtime/detect_jobs/ea60870944d44abbb9f26e48b0197e4c/input.mp4",
  "audio_path": "./AVLips/wav/0_real/0.wav",
  "max_videos_per_class": 5,
  "device": "cuda:0",
  "params": {
    "total": 162456103,
    "total_m": 162.456103,
    "encoder_m": 151.277313,
    "backbone_m": 11.178562
  },
  "metrics": null,
  "timing": {
    "video_decode_seconds": 0.29030135506764054,
    "audio_mel_seconds": 1.3852341210003942,
    "compose_big_image_seconds": 0.0,
    "tensor_transform_seconds": 0.30435112898703665,
    "transfer_forward_seconds": 0.37249114003498107,
    "num_batches": 1,
    "total_seconds": 2.3559170820517465,
    "num_videos_requested": 1,
    "num_videos_ok": 1,
    "num_windows": 6,
    "windows_per_second": 2.5467789361986606,
    "videos_per_second": 0.42446315603311013,
    "total_ms_per_window": 392.6528470086244,
    "transfer_forward_ms_per_window": 62.08185667249685,
    "video_decode_ms_per_video": 290.30135506764054,
    "audio_mel_ms_per_video": 1385.2341210003942,
    "pre_model_ms_per_window": 329.9811008425119,
    "preprocess_detail_seconds": {
      "video_open_meta_seconds": 0.08789138693828136,
      "frame_read_seconds": 0.16267021861858666,
      "frame_convert_resize_seconds": 0.035398530890233815,
      "audio_load_seconds": 1.3123894940363243,
      "mel_compute_seconds": 0.05815345689188689,
      "mel_png_roundtrip_seconds": 0.01461847999598831,
      "frame_tensor_cache_seconds": 0.1684244560310617,
      "mel_sub_resize_seconds": 0.0035559041425585747,
      "top_mel_tensor_batch_seconds": 0.116845817072317,
      "global_tensor_build_seconds": 0.007535014068707824,
      "full_image_resize_seconds": 0.004521797993220389,
      "crop_source_build_seconds": 0.00026712403632700443,
      "crop0_resize_seconds": 0.0003325650468468666,
      "crop_inner_resize_seconds": 0.0004837058950215578,
      "crop_pack_seconds": 0.00024543795734643936
    },
    "preprocess_detail_ms_per_window": {
      "video_open_meta_ms_per_window": 14.648564489713559,
      "frame_read_ms_per_window": 27.111703103097778,
      "frame_convert_resize_ms_per_window": 5.899755148372303,
      "audio_load_ms_per_window": 218.7315823393874,
      "mel_compute_ms_per_window": 9.692242815314481,
      "mel_png_roundtrip_ms_per_window": 2.4364133326647184,
      "frame_tensor_cache_ms_per_window": 28.070742671843618,
      "mel_sub_resize_ms_per_window": 0.5926506904264291,
      "top_mel_tensor_batch_ms_per_window": 19.474302845386166,
      "global_tensor_build_ms_per_window": 1.2558356781179707,
      "full_image_resize_ms_per_window": 0.7536329988700649,
      "crop_source_build_ms_per_window": 0.04452067272116741,
      "crop0_resize_ms_per_window": 0.055427507807811104,
      "crop_inner_resize_ms_per_window": 0.08061764917025964,
      "crop_pack_ms_per_window": 0.04090632622440656
    }
  },
  "failures": []
}