{
  "ckpt": "./lightweight/results/checkpoints/region_resnet18_clip_b32_ra0p01/best.pth",
  "clip": "ViT-B/32",
  "backbone": "resnet18",
  "threshold": 0.5,
  "batch_size": 16,
  "video_root": "./AVLips",
  "audio_root": "./AVLips/wav",
  "video_path": null,
  "audio_path": null,
  "max_videos_per_class": 2,
  "device": "cuda:0",
  "params": {
    "total": 162456103,
    "total_m": 162.456103,
    "encoder_m": 151.277313,
    "backbone_m": 11.178562
  },
  "metrics": {
    "acc": 0.5,
    "ap": 0.4764367321331246,
    "fpr": 0.95,
    "fnr": 0.05,
    "tp": 19,
    "tn": 1,
    "fp": 19,
    "fn": 1
  },
  "timing": {
    "video_decode_seconds": 0.1718371268361807,
    "audio_mel_seconds": 1.5301650250330567,
    "compose_big_image_seconds": 1.7109694508835673,
    "tensor_transform_seconds": 0.5246282005682588,
    "transfer_forward_seconds": 0.8761786269024014,
    "num_batches": 3,
    "total_seconds": 4.820043528452516,
    "num_videos_requested": 4,
    "num_videos_ok": 4,
    "num_windows": 40,
    "windows_per_second": 8.298680243006451,
    "videos_per_second": 0.8298680243006452,
    "total_ms_per_window": 120.50108821131289,
    "transfer_forward_ms_per_window": 21.904465672560036,
    "video_decode_ms_per_video": 42.95928170904517,
    "audio_mel_ms_per_video": 382.5412562582642,
    "pre_model_ms_per_window": 98.43999508302659,
    "preprocess_detail_seconds": {
      "video_open_meta_seconds": 0.022058894857764244,
      "frame_read_seconds": 0.08377137407660484,
      "frame_convert_resize_seconds": 0.054616641253232956,
      "audio_load_seconds": 1.3450762005522847,
      "mel_compute_seconds": 0.09298356622457504,
      "mel_png_roundtrip_seconds": 0.09166941698640585,
      "mel_sub_resize_seconds": 0.03182906750589609,
      "frame_concat_seconds": 0.044561268761754036,
      "big_image_concat_seconds": 1.6328498385846615,
      "big_image_cast_seconds": 0.00017969124019145966,
      "tensor_from_numpy_seconds": 0.14018430467694998,
      "normalize_const_seconds": 0.000592636875808239,
      "frame_unfold_seconds": 0.05715248454362154,
      "crop0_resize_seconds": 0.04105146322399378,
      "crop_inner_resize_seconds": 0.04749874118715525,
      "crop_normalize_seconds": 0.07808534987270832,
      "full_image_resize_normalize_seconds": 0.1580624934285879
    },
    "preprocess_detail_ms_per_window": {
      "video_open_meta_ms_per_window": 0.5514723714441061,
      "frame_read_ms_per_window": 2.094284351915121,
      "frame_convert_resize_ms_per_window": 1.365416031330824,
      "audio_load_ms_per_window": 33.62690501380712,
      "mel_compute_ms_per_window": 2.324589155614376,
      "mel_png_roundtrip_ms_per_window": 2.2917354246601462,
      "mel_sub_resize_ms_per_window": 0.7957266876474023,
      "frame_concat_ms_per_window": 1.114031719043851,
      "big_image_concat_ms_per_window": 40.82124596461654,
      "big_image_cast_ms_per_window": 0.004492281004786491,
      "tensor_from_numpy_ms_per_window": 3.5046076169237494,
      "normalize_const_ms_per_window": 0.014815921895205975,
      "frame_unfold_ms_per_window": 1.4288121135905385,
      "crop0_resize_ms_per_window": 1.0262865805998445,
      "crop_inner_resize_ms_per_window": 1.1874685296788812,
      "crop_normalize_ms_per_window": 1.952133746817708,
      "full_image_resize_normalize_ms_per_window": 3.951562335714698
    }
  },
  "failures": []
}