{
  "ckpt": "./lightweight/results/checkpoints/region_resnet18_clip_b32_ra0p01/best.pth",
  "clip": "ViT-B/32",
  "backbone": "resnet18",
  "threshold": 0.5,
  "batch_size": 16,
  "video_root": "./AVLips",
  "audio_root": "./AVLips/wav",
  "video_path": null,
  "audio_path": null,
  "max_videos_per_class": 10,
  "device": "cuda:0",
  "params": {
    "total": 162456103,
    "total_m": 162.456103,
    "encoder_m": 151.277313,
    "backbone_m": 11.178562
  },
  "metrics": {
    "acc": 0.48,
    "ap": 0.5155474814996158,
    "fpr": 0.99,
    "fnr": 0.05,
    "tp": 95,
    "tn": 1,
    "fp": 99,
    "fn": 5
  },
  "timing": {
    "video_decode_seconds": 0.9552539475262165,
    "audio_mel_seconds": 2.1417845403775573,
    "compose_big_image_seconds": 7.686958193778992,
    "tensor_transform_seconds": 2.2023487500846386,
    "transfer_forward_seconds": 2.908504219725728,
    "num_batches": 13,
    "total_seconds": 15.937524957582355,
    "num_videos_requested": 20,
    "num_videos_ok": 20,
    "num_windows": 200,
    "windows_per_second": 12.548999956536479,
    "videos_per_second": 1.2548999956536477,
    "total_ms_per_window": 79.68762478791177,
    "transfer_forward_ms_per_window": 14.54252109862864,
    "video_decode_ms_per_video": 47.762697376310825,
    "audio_mel_ms_per_video": 107.08922701887786,
    "pre_model_ms_per_window": 64.93172715883702,
    "preprocess_detail_seconds": {
      "video_open_meta_seconds": 0.10505829844623804,
      "frame_read_seconds": 0.5080813737586141,
      "frame_convert_resize_seconds": 0.293233391828835,
      "audio_load_seconds": 1.4394847005605698,
      "mel_compute_seconds": 0.32181150279939175,
      "mel_png_roundtrip_seconds": 0.37866729963570833,
      "mel_sub_resize_seconds": 0.1529785916209221,
      "frame_concat_seconds": 0.24802337121218443,
      "big_image_concat_seconds": 7.279108742251992,
      "big_image_cast_seconds": 0.0007661795243620872,
      "tensor_from_numpy_seconds": 0.5447472920641303,
      "normalize_const_seconds": 0.002202746458351612,
      "frame_unfold_seconds": 0.24861010815948248,
      "crop0_resize_seconds": 0.16251615807414055,
      "crop_inner_resize_seconds": 0.21956793405115604,
      "crop_normalize_seconds": 0.344817447476089,
      "full_image_resize_normalize_seconds": 0.6675493782386184
    },
    "preprocess_detail_ms_per_window": {
      "video_open_meta_ms_per_window": 0.5252914922311902,
      "frame_read_ms_per_window": 2.5404068687930703,
      "frame_convert_resize_ms_per_window": 1.466166959144175,
      "audio_load_ms_per_window": 7.197423502802849,
      "mel_compute_ms_per_window": 1.6090575139969587,
      "mel_png_roundtrip_ms_per_window": 1.8933364981785417,
      "mel_sub_resize_ms_per_window": 0.7648929581046104,
      "frame_concat_ms_per_window": 1.2401168560609221,
      "big_image_concat_ms_per_window": 36.39554371125996,
      "big_image_cast_ms_per_window": 0.0038308976218104362,
      "tensor_from_numpy_ms_per_window": 2.7237364603206515,
      "normalize_const_ms_per_window": 0.01101373229175806,
      "frame_unfold_ms_per_window": 1.2430505407974124,
      "crop0_resize_ms_per_window": 0.8125807903707027,
      "crop_inner_resize_ms_per_window": 1.0978396702557802,
      "crop_normalize_ms_per_window": 1.724087237380445,
      "full_image_resize_normalize_ms_per_window": 3.337746891193092
    }
  },
  "failures": []
}