{
  "ckpt": "./lightweight/results/checkpoints/region_resnet18_clip_b32_ra0p01/best.pth",
  "clip": "ViT-B/32",
  "backbone": "resnet18",
  "threshold": 0.5,
  "batch_size": 16,
  "preprocess_device": "gpu",
  "video_root": "./AVLips",
  "audio_root": "./AVLips/wav",
  "video_path": null,
  "audio_path": null,
  "max_videos_per_class": 10,
  "device": "cuda:0",
  "params": {
    "total": 162456103,
    "total_m": 162.456103,
    "encoder_m": 151.277313,
    "backbone_m": 11.178562
  },
  "metrics": {
    "acc": 0.9,
    "ap": 0.9819289909270492,
    "fpr": 0.13,
    "fnr": 0.07,
    "tp": 93,
    "tn": 87,
    "fp": 13,
    "fn": 7
  },
  "timing": {
    "video_decode_seconds": 1.0165705880062887,
    "audio_mel_seconds": 2.3797770329692867,
    "compose_big_image_seconds": 0.0,
    "tensor_transform_seconds": 8.086193417009781,
    "transfer_forward_seconds": 1.8696152789780172,
    "num_batches": 13,
    "total_seconds": 13.364600203000009,
    "num_videos_requested": 20,
    "num_videos_ok": 20,
    "num_windows": 200,
    "windows_per_second": 14.96490706509164,
    "videos_per_second": 1.496490706509164,
    "total_ms_per_window": 66.82300101500005,
    "transfer_forward_ms_per_window": 9.348076394890086,
    "video_decode_ms_per_video": 50.82852940031444,
    "audio_mel_ms_per_video": 118.98885164846433,
    "pre_model_ms_per_window": 57.41270518992678,
    "preprocess_detail_seconds": {
      "video_open_meta_seconds": 0.10428602500178386,
      "frame_read_seconds": 0.5417121857608436,
      "frame_convert_resize_seconds": 0.31414157975814305,
      "audio_load_seconds": 1.651153909988352,
      "mel_compute_seconds": 0.34253757206897717,
      "mel_png_roundtrip_seconds": 0.38416802999563515,
      "frame_tensor_cache_seconds": 3.9982459490274778,
      "mel_sub_resize_seconds": 0.1009817902231589,
      "top_mel_tensor_batch_seconds": 3.875850493030157,
      "global_tensor_build_seconds": 0.01481732698448468,
      "full_image_resize_seconds": 0.005048767008702271,
      "crop_source_build_seconds": 0.006880698027089238,
      "crop0_resize_seconds": 0.006502005009679124,
      "crop_inner_resize_seconds": 0.01107145199785009,
      "crop_pack_seconds": 0.009099666014662944
    },
    "preprocess_detail_ms_per_window": {
      "video_open_meta_ms_per_window": 0.5214301250089193,
      "frame_read_ms_per_window": 2.708560928804218,
      "frame_convert_resize_ms_per_window": 1.5707078987907153,
      "audio_load_ms_per_window": 8.25576954994176,
      "mel_compute_ms_per_window": 1.7126878603448858,
      "mel_png_roundtrip_ms_per_window": 1.9208401499781758,
      "frame_tensor_cache_ms_per_window": 19.99122974513739,
      "mel_sub_resize_ms_per_window": 0.5049089511157945,
      "top_mel_tensor_batch_ms_per_window": 19.379252465150785,
      "global_tensor_build_ms_per_window": 0.0740866349224234,
      "full_image_resize_ms_per_window": 0.025243835043511353,
      "crop_source_build_ms_per_window": 0.03440349013544619,
      "crop0_resize_ms_per_window": 0.03251002504839562,
      "crop_inner_resize_ms_per_window": 0.05535725998925045,
      "crop_pack_ms_per_window": 0.04549833007331472
    }
  },
  "failures": []
}