{
  "ckpt": "./lightweight/results/checkpoints/region_resnet18_clip_b32_ra0p01/best.pth",
  "clip": "ViT-B/32",
  "backbone": "resnet18",
  "threshold": 0.5,
  "batch_size": 16,
  "preprocess_device": "cpu",
  "video_root": "./AVLips",
  "audio_root": "./AVLips/wav",
  "video_path": null,
  "audio_path": null,
  "max_videos_per_class": 10,
  "device": "cuda:0",
  "params": {
    "total": 162456103,
    "total_m": 162.456103,
    "encoder_m": 151.277313,
    "backbone_m": 11.178562
  },
  "metrics": {
    "acc": 0.9,
    "ap": 0.9819289909270492,
    "fpr": 0.13,
    "fnr": 0.07,
    "tp": 93,
    "tn": 87,
    "fp": 13,
    "fn": 7
  },
  "timing": {
    "video_decode_seconds": 1.6218436460039811,
    "audio_mel_seconds": 3.9110042240208713,
    "compose_big_image_seconds": 0.0,
    "tensor_transform_seconds": 10.393578351009637,
    "transfer_forward_seconds": 4.294071293988964,
    "num_batches": 13,
    "total_seconds": 21.134955620000255,
    "num_videos_requested": 20,
    "num_videos_ok": 20,
    "num_windows": 200,
    "windows_per_second": 9.462995976709678,
    "videos_per_second": 0.9462995976709677,
    "total_ms_per_window": 105.67477810000128,
    "transfer_forward_ms_per_window": 21.470356469944818,
    "video_decode_ms_per_video": 81.09218230019906,
    "audio_mel_ms_per_video": 195.55021120104357,
    "pre_model_ms_per_window": 79.63213110517245,
    "preprocess_detail_seconds": {
      "video_open_meta_seconds": 0.6030436159780947,
      "frame_read_seconds": 0.5874020582996309,
      "frame_convert_resize_seconds": 0.37775296399195213,
      "audio_load_seconds": 3.0965660140209366,
      "mel_compute_seconds": 0.3610289730131626,
      "mel_png_roundtrip_seconds": 0.4511478699860163,
      "frame_tensor_cache_seconds": 3.358559031970799,
      "mel_sub_resize_seconds": 0.17988663211872336,
      "top_mel_tensor_batch_seconds": 3.1536440459894948,
      "global_tensor_build_seconds": 1.4360623259854037,
      "full_image_resize_seconds": 0.920160414010752,
      "crop_source_build_seconds": 0.1912476799916476,
      "crop0_resize_seconds": 0.10556999199616257,
      "crop_inner_resize_seconds": 0.16022143400914501,
      "crop_pack_seconds": 0.009581597958458588
    },
    "preprocess_detail_ms_per_window": {
      "video_open_meta_ms_per_window": 3.0152180798904737,
      "frame_read_ms_per_window": 2.9370102914981544,
      "frame_convert_resize_ms_per_window": 1.8887648199597606,
      "audio_load_ms_per_window": 15.482830070104683,
      "mel_compute_ms_per_window": 1.805144865065813,
      "mel_png_roundtrip_ms_per_window": 2.2557393499300815,
      "frame_tensor_cache_ms_per_window": 16.792795159853995,
      "mel_sub_resize_ms_per_window": 0.8994331605936168,
      "top_mel_tensor_batch_ms_per_window": 15.768220229947474,
      "global_tensor_build_ms_per_window": 7.180311629927019,
      "full_image_resize_ms_per_window": 4.60080207005376,
      "crop_source_build_ms_per_window": 0.956238399958238,
      "crop0_resize_ms_per_window": 0.5278499599808129,
      "crop_inner_resize_ms_per_window": 0.8011071700457251,
      "crop_pack_ms_per_window": 0.04790798979229294
    }
  },
  "failures": []
}