{
  "ckpt": "./lightweight/results/checkpoints/region_resnet18_clip_b32_ra0p01/best.pth",
  "clip": "ViT-B/32",
  "backbone": "resnet18",
  "threshold": 0.5,
  "batch_size": 16,
  "video_root": "./AVLips",
  "audio_root": "./AVLips/wav",
  "video_path": null,
  "audio_path": null,
  "max_videos_per_class": 10,
  "device": "cuda:0",
  "params": {
    "total": 162456103,
    "total_m": 162.456103,
    "encoder_m": 151.277313,
    "backbone_m": 11.178562
  },
  "metrics": {
    "acc": 0.895,
    "ap": 0.9806482529599908,
    "fpr": 0.15,
    "fnr": 0.06,
    "tp": 94,
    "tn": 85,
    "fp": 15,
    "fn": 6
  },
  "timing": {
    "video_decode_seconds": 1.052820386365056,
    "audio_mel_seconds": 2.2041673688217998,
    "compose_big_image_seconds": 7.896653018891811,
    "tensor_transform_seconds": 8.409027365967631,
    "transfer_forward_seconds": 3.0102069079875946,
    "num_batches": 13,
    "total_seconds": 22.638118668459356,
    "num_videos_requested": 20,
    "num_videos_ok": 20,
    "num_windows": 200,
    "windows_per_second": 8.834656400960153,
    "videos_per_second": 0.8834656400960154,
    "total_ms_per_window": 113.19059334229678,
    "transfer_forward_ms_per_window": 15.051034539937973,
    "video_decode_ms_per_video": 52.6410193182528,
    "audio_mel_ms_per_video": 110.20836844108999,
    "pre_model_ms_per_window": 97.81334070023149,
    "preprocess_detail_seconds": {
      "video_open_meta_seconds": 0.1064747953787446,
      "frame_read_seconds": 0.5392868537455797,
      "frame_convert_resize_seconds": 0.3529111798852682,
      "audio_load_seconds": 1.4197056936100125,
      "mel_compute_seconds": 0.32855975069105625,
      "mel_png_roundtrip_seconds": 0.45363776851445436,
      "mel_sub_resize_seconds": 0.1552918078377843,
      "frame_concat_seconds": 0.2358445581048727,
      "big_image_concat_seconds": 7.498039689846337,
      "big_image_cast_seconds": 0.0007799211889505386,
      "rgb_to_bgr_seconds": 5.4026002837345,
      "tensor_from_numpy_seconds": 0.34167041443288326,
      "crop0_resize_seconds": 0.8890771428123116,
      "crop_inner_resize_seconds": 1.2447368232533336,
      "crop_pack_seconds": 0.00015231501311063766,
      "full_image_resize_seconds": 0.5105926198884845
    },
    "preprocess_detail_ms_per_window": {
      "video_open_meta_ms_per_window": 0.532373976893723,
      "frame_read_ms_per_window": 2.6964342687278986,
      "frame_convert_resize_ms_per_window": 1.764555899426341,
      "audio_load_ms_per_window": 7.098528468050063,
      "mel_compute_ms_per_window": 1.6427987534552813,
      "mel_png_roundtrip_ms_per_window": 2.268188842572272,
      "mel_sub_resize_ms_per_window": 0.7764590391889215,
      "frame_concat_ms_per_window": 1.1792227905243635,
      "big_image_concat_ms_per_window": 37.490198449231684,
      "big_image_cast_ms_per_window": 0.003899605944752693,
      "rgb_to_bgr_ms_per_window": 27.013001418672502,
      "tensor_from_numpy_ms_per_window": 1.7083520721644163,
      "crop0_resize_ms_per_window": 4.445385714061558,
      "crop_inner_resize_ms_per_window": 6.223684116266668,
      "crop_pack_ms_per_window": 0.0007615750655531883,
      "full_image_resize_ms_per_window": 2.5529630994424224
    }
  },
  "failures": []
}