{
  "ckpt": "./lightweight/results/checkpoints/region_resnet18_clip_b32_ra0p01/best.pth",
  "clip": "ViT-B/32",
  "backbone": "resnet18",
  "threshold": 0.5,
  "batch_size": 16,
  "video_root": "./AVLips",
  "audio_root": "./AVLips/wav",
  "video_path": null,
  "audio_path": null,
  "max_videos_per_class": 1,
  "device": "cuda:0",
  "params": {
    "total": 162456103,
    "total_m": 162.456103,
    "encoder_m": 151.277313,
    "backbone_m": 11.178562
  },
  "metrics": {
    "acc": 0.55,
    "ap": 0.9909090909090909,
    "fpr": 0.9,
    "fnr": 0.0,
    "tp": 10,
    "tn": 1,
    "fp": 9,
    "fn": 0
  },
  "timing": {
    "video_decode_seconds": 0.10326651390641928,
    "audio_mel_seconds": 1.3326702825725079,
    "compose_big_image_seconds": 0.7510074004530907,
    "tensor_transform_seconds": 0.8141238121315837,
    "transfer_forward_seconds": 0.5937449531629682,
    "num_batches": 2,
    "total_seconds": 3.6158615155145526,
    "num_videos_requested": 2,
    "num_videos_ok": 2,
    "num_windows": 20,
    "windows_per_second": 5.531185283005485,
    "videos_per_second": 0.5531185283005484,
    "total_ms_per_window": 180.79307577572763,
    "transfer_forward_ms_per_window": 29.687247658148408,
    "video_decode_ms_per_video": 51.63325695320964,
    "audio_mel_ms_per_video": 666.3351412862539,
    "pre_model_ms_per_window": 150.05340045318007,
    "preprocess_detail_seconds": {
      "video_open_meta_seconds": 0.013076283037662506,
      "frame_read_seconds": 0.043509434908628464,
      "frame_convert_resize_seconds": 0.04039493575692177,
      "audio_load_seconds": 1.239798465743661,
      "mel_compute_seconds": 0.06784592475742102,
      "mel_png_roundtrip_seconds": 0.024900199845433235,
      "mel_sub_resize_seconds": 0.015700011514127254,
      "frame_concat_seconds": 0.020990204997360706,
      "big_image_concat_seconds": 0.7135441601276398,
      "big_image_cast_seconds": 8.1636942923069e-05,
      "rgb_to_bgr_seconds": 0.5259735230356455,
      "tensor_from_numpy_seconds": 0.028399208560585976,
      "crop0_resize_seconds": 0.0879636611789465,
      "crop_inner_resize_seconds": 0.11986223608255386,
      "crop_pack_seconds": 1.6507692635059357e-05,
      "full_image_resize_seconds": 0.04934067465364933
    },
    "preprocess_detail_ms_per_window": {
      "video_open_meta_ms_per_window": 0.6538141518831253,
      "frame_read_ms_per_window": 2.175471745431423,
      "frame_convert_resize_ms_per_window": 2.0197467878460884,
      "audio_load_ms_per_window": 61.989923287183046,
      "mel_compute_ms_per_window": 3.392296237871051,
      "mel_png_roundtrip_ms_per_window": 1.2450099922716618,
      "mel_sub_resize_ms_per_window": 0.7850005757063627,
      "frame_concat_ms_per_window": 1.0495102498680353,
      "big_image_concat_ms_per_window": 35.67720800638199,
      "big_image_cast_ms_per_window": 0.00408184714615345,
      "rgb_to_bgr_ms_per_window": 26.298676151782274,
      "tensor_from_numpy_ms_per_window": 1.4199604280292988,
      "crop0_resize_ms_per_window": 4.398183058947325,
      "crop_inner_resize_ms_per_window": 5.993111804127693,
      "crop_pack_ms_per_window": 0.0008253846317529678,
      "full_image_resize_ms_per_window": 2.4670337326824665
    }
  },
  "failures": []
}