{
  "ckpt": "./lightweight/results/checkpoints/region_resnet18_clip_b32_ra0p01/best.pth",
  "clip": "ViT-B/32",
  "backbone": "resnet18",
  "threshold": 0.5,
  "batch_size": 16,
  "video_root": "./AVLips",
  "audio_root": "./AVLips/wav",
  "video_path": null,
  "audio_path": null,
  "max_videos_per_class": 10,
  "device": "cuda:0",
  "params": {
    "total": 162456103,
    "total_m": 162.456103,
    "encoder_m": 151.277313,
    "backbone_m": 11.178562
  },
  "metrics": {
    "acc": 0.9,
    "ap": 0.9819289909270492,
    "fpr": 0.13,
    "fnr": 0.07,
    "tp": 93,
    "tn": 87,
    "fp": 13,
    "fn": 7
  },
  "timing": {
    "video_decode_seconds": 1.0485961362719536,
    "audio_mel_seconds": 2.2349859131500125,
    "compose_big_image_seconds": 0.0,
    "tensor_transform_seconds": 9.15187841374427,
    "transfer_forward_seconds": 2.849995333701372,
    "num_batches": 13,
    "total_seconds": 15.315820161253214,
    "num_videos_requested": 20,
    "num_videos_ok": 20,
    "num_windows": 200,
    "windows_per_second": 13.058393079462421,
    "videos_per_second": 1.3058393079462423,
    "total_ms_per_window": 76.57910080626607,
    "transfer_forward_ms_per_window": 14.24997666850686,
    "video_decode_ms_per_video": 52.42980681359768,
    "audio_mel_ms_per_video": 111.74929565750062,
    "pre_model_ms_per_window": 62.177302315831184,
    "preprocess_detail_seconds": {
      "video_open_meta_seconds": 0.12234159000217915,
      "frame_read_seconds": 0.5621724789962173,
      "frame_convert_resize_seconds": 0.3111308868974447,
      "audio_load_seconds": 1.4192348448559642,
      "mel_compute_seconds": 0.34832668397575617,
      "mel_png_roundtrip_seconds": 0.46514625381678343,
      "frame_tensor_cache_seconds": 3.2462737997993827,
      "mel_sub_resize_seconds": 0.16908138059079647,
      "top_mel_tensor_seconds": 2.9433689592406154,
      "global_tensor_build_seconds": 0.9104463616386056,
      "crop0_resize_seconds": 0.6109498627483845,
      "crop_inner_resize_seconds": 0.8501239577308297,
      "crop_pack_seconds": 0.00019492488354444504,
      "full_image_resize_seconds": 0.36925428081303835
    },
    "preprocess_detail_ms_per_window": {
      "video_open_meta_ms_per_window": 0.6117079500108957,
      "frame_read_ms_per_window": 2.8108623949810863,
      "frame_convert_resize_ms_per_window": 1.5556544344872236,
      "audio_load_ms_per_window": 7.096174224279821,
      "mel_compute_ms_per_window": 1.7416334198787808,
      "mel_png_roundtrip_ms_per_window": 2.325731269083917,
      "frame_tensor_cache_ms_per_window": 16.231368998996913,
      "mel_sub_resize_ms_per_window": 0.8454069029539824,
      "top_mel_tensor_ms_per_window": 14.716844796203077,
      "global_tensor_build_ms_per_window": 4.552231808193028,
      "crop0_resize_ms_per_window": 3.0547493137419224,
      "crop_inner_resize_ms_per_window": 4.250619788654149,
      "crop_pack_ms_per_window": 0.0009746244177222252,
      "full_image_resize_ms_per_window": 1.8462714040651917
    }
  },
  "failures": []
}