{
  "ckpt": "./lightweight/results/checkpoints/region_resnet18_clip_b32_ra0p01/best.pth",
  "clip": "ViT-B/32",
  "backbone": "resnet18",
  "threshold": 0.5,
  "batch_size": 16,
  "video_root": "./AVLips",
  "audio_root": "./AVLips/wav",
  "video_path": null,
  "audio_path": null,
  "max_videos_per_class": 10,
  "device": "cuda:0",
  "params": {
    "total": 162456103,
    "total_m": 162.456103,
    "encoder_m": 151.277313,
    "backbone_m": 11.178562
  },
  "metrics": {
    "acc": 0.9,
    "ap": 0.9819289909270492,
    "fpr": 0.13,
    "fnr": 0.07,
    "tp": 93,
    "tn": 87,
    "fp": 13,
    "fn": 7
  },
  "timing": {
    "video_decode_seconds": 1.0453291842713952,
    "audio_mel_seconds": 2.190675724297762,
    "compose_big_image_seconds": 0.0,
    "tensor_transform_seconds": 11.172232702374458,
    "transfer_forward_seconds": 3.0310251666232944,
    "num_batches": 13,
    "total_seconds": 17.485634852200747,
    "num_videos_requested": 20,
    "num_videos_ok": 20,
    "num_windows": 200,
    "windows_per_second": 11.437960456713297,
    "videos_per_second": 1.1437960456713296,
    "total_ms_per_window": 87.42817426100373,
    "transfer_forward_ms_per_window": 15.155125833116472,
    "video_decode_ms_per_video": 52.26645921356976,
    "audio_mel_ms_per_video": 109.5337862148881,
    "pre_model_ms_per_window": 72.04118805471808,
    "preprocess_detail_seconds": {
      "video_open_meta_seconds": 0.1262287748977542,
      "frame_read_seconds": 0.5489188665524125,
      "frame_convert_resize_seconds": 0.3156199315562844,
      "audio_load_seconds": 1.389884864911437,
      "mel_compute_seconds": 0.33746883273124695,
      "mel_png_roundtrip_seconds": 0.4610536452382803,
      "mel_sub_resize_seconds": 0.15523641556501389,
      "direct_bgr_tensor_build_seconds": 9.184707860462368,
      "crop0_resize_seconds": 0.5082424869760871,
      "crop_inner_resize_seconds": 0.8870690707117319,
      "crop_pack_seconds": 0.00019897613674402237,
      "full_image_resize_seconds": 0.3792747063562274
    },
    "preprocess_detail_ms_per_window": {
      "video_open_meta_ms_per_window": 0.631143874488771,
      "frame_read_ms_per_window": 2.7445943327620625,
      "frame_convert_resize_ms_per_window": 1.5780996577814221,
      "audio_load_ms_per_window": 6.949424324557185,
      "mel_compute_ms_per_window": 1.6873441636562347,
      "mel_png_roundtrip_ms_per_window": 2.3052682261914015,
      "mel_sub_resize_ms_per_window": 0.7761820778250694,
      "direct_bgr_tensor_build_ms_per_window": 45.92353930231184,
      "crop0_resize_ms_per_window": 2.5412124348804355,
      "crop_inner_resize_ms_per_window": 4.4353453535586596,
      "crop_pack_ms_per_window": 0.0009948806837201118,
      "full_image_resize_ms_per_window": 1.896373531781137
    }
  },
  "failures": []
}